tree_id,legal_status,species,address,site_order,site_info,caretaker,date,dbh,plot_size,latitude,longitude
99001,DPW Maintained,Lophostemon confertus :: Brisbane Box,2190X North Point St,7.0,Sidewalk: Curb side : Cutout,DPW for City Agency,2011-04-18,,3x3,37.8028510037355,-122.443247276641
253633,DPW Maintained,Tristaniopsis laurina :: Swamp Myrtle,1909 Judah St,1.0,Sidewalk: Curb side : Cutout,Private,2019-05-22,,3x3,37.7613106149039,-122.48261754308001
96059,Permitted Site,Afrocarpus gracilior :: Fern Pine,101 Montcalm St,1.0,Sidewalk: Curb side : Cutout,Private,2011-08-03,,3x3,37.746560384348705,-122.406484424587
37613,DPW Maintained,Tristaniopsis laurina :: Swamp Myrtle,423 17th Ave,1.0,Sidewalk: Curb side : Cutout,Private,1998-06-26,7.0,,37.779949576589104,-122.47620662242201
64585,Permitted Site,Ginkgo biloba :: Maidenhair Tree,3370 22nd St,1.0,Sidewalk: Curb side : Cutout,Private,1991-10-24,,,37.7552755548974,-122.422574654764
34097,Permitted Site,Prunus serrulata :: Ornamental Cherry,600 Miramar Ave,2.0,Sidewalk: Curb side : Cutout,Private,1997-07-05,,,37.727618034343706,-122.45809832977899
68438,Permitted Site,Prunus cerasifera :: Cherry Plum,184 Edgewood Ave,1.0,Sidewalk: Curb side : Cutout,Private,1993-08-26,,,37.7626121397886,-122.454856769495
68831,Permitted Site,Agonis flexuosa :: Peppermint Willow,118 Flood Ave,1.0,Sidewalk: Curb side : Cutout,Private,1993-11-30,,,37.729979487143,-122.442473182831
36501,Permitted Site,Prunus cerasifera :: Cherry Plum,202 Anderson St,1.0,Sidewalk: Curb side : Cutout,Private,1998-05-18,,,37.740308605683104,-122.41526424770599
32352,Permitted Site,Lophostemon confertus :: Brisbane Box,2180 Bryant St,2.0,Sidewalk: Curb side : Cutout,Private,1996-10-03,,,37.759425492984704,-122.409957725672
18473,DPW Maintained,Magnolia grandiflora 'Saint Mary' :: Saint Mary Magnolia,1255 Potrero Ave,1.0,Sidewalk: Curb side : Cutout,DPW,2013-11-15,3.0,3x3,37.7522854344497,-122.40611476119301
108570,DPW Maintained,Prunus serrulata 'Kwanzan' :: Kwanzan Flowering Cherry,40 Sweeny St,1.0,Sidewalk: Curb side : Cutout,Private,2014-12-24,3.0,3x3,37.733296619935004,-122.407073064382
32787,Permitted Site,Platanus x hispanica :: Sycamore: London Plane,1661 Fulton St,1.0,Sidewalk: Curb side : Cutout,Private,1996-10-29,,,37.7760286983996,-122.444115767373
56394,DPW Maintained,Fraxinus oxycarpa 'Raywood' :: Raywood Ash,1371 Thomas Ave,1.0,Sidewalk: Curb side : Cutout,Private,1973-08-17,11.0,,37.7279001350956,-122.387033612146
58135,DPW Maintained,Platanus x hispanica :: Sycamore: London Plane,2900 Clay St,1.0,Sidewalk: Curb side : Cutout,Private,1978-02-27,12.0,,37.7899187687789,-122.440978267234
42131,Permitted Site,Melaleuca quinquenervia :: Cajeput,170 Staples Ave,1.0,Sidewalk: Curb side : Cutout,Private,2000-06-21,,,37.729157679141395,-122.445883937962
93347,DPW Maintained,Fraxinus americana 'Autumn Purple' :: American Autumn Purple Ash,2100X Turk Blvd,30.0,Sidewalk: Curb side : Cutout,DPW,2008-11-21,3.0,3x3,37.779314771487996,-122.44375035157302
147476,DPW Maintained,Olea europaea 'Wilsonii' :: Wilson Olive Semi-fruitless,771 20th Ave,1.0,Sidewalk: Curb side : Cutout,DPW,2019-11-18,0.0,Width 4ft,37.773345231137796,-122.47895395906001
42452,Permitted Site,Callistemon citrinus :: Lemon Bottlebrush,535 Mangels Ave,1.0,Sidewalk: Curb side : Cutout,Private,2000-06-23,,,37.7329936316231,-122.44968754248
35003,DPW Maintained,Cordyline australis :: Dracena Palm,3508 Balboa St,1.0,Sidewalk: Curb side : Cutout,Private,2013-04-01,3.0,,37.775831878815495,-122.49642382506
44768,DPW Maintained,Eriobotrya deflexa :: Bronze Loquat,712 Bryant St,1.0,Sidewalk: Curb side : Cutout,Private,2001-04-12,6.0,,37.777554106883706,-122.400765825683
30973,Permitted Site,Arbutus 'Marina' :: Hybrid Strawberry Tree,1928 Jackson St,1.0,Sidewalk: Curb side : Cutout,Private,1995-03-13,,,37.7935250709422,-122.42684151874799
82678,Permitted Site,Casurina stricta :: Beefwood: Drooping She-Oak,1 Ignacio Ave,5.0,Sidewalk: Curb side : Cutout,Private,2009-07-08,,3x3,37.715057595207796,-122.388514940902
37230,Permitted Site,Arbutus 'Marina' :: Hybrid Strawberry Tree,1775 35th Ave,1.0,Sidewalk: Curb side : Cutout,Private,1998-06-12,,,37.753966330942795,-122.493742738719
93822,Permitted Site,Pyrus kawakamii :: Evergreen Pear,178 Bluxome St,11.0,Sidewalk: Curb side : Cutout,Private,2010-04-05,,3x3,37.7744697656056,-122.40000821426001
57413,DPW Maintained,Prunus cerasifera :: Cherry Plum,100 Commonwealth Ave,1.0,Sidewalk: Curb side : Cutout,Private,1976-09-08,5.0,,37.78374972289961,-122.455606076565
258169,DPW Maintained,Ginkgo biloba :: Maidenhair Tree,148 Felton St,4.0,Sidewalk: Curb side : Cutout,DPW,2017-08-05,3.0,3x3,37.7297020458087,-122.406095661025
5490,DPW Maintained,Pistacia chinensis :: Chinese Pistache,714 Dolores St,1.0,Sidewalk: Curb side : Cutout,Private,2015-12-28,1.0,4X4,37.757908995925206,-122.425892952911
24516,DPW Maintained,Lophostemon confertus :: Brisbane Box,1695X Gough St,1.0,Sidewalk: Curb side : Cutout,DPW,1995-05-20,18.0,3X3,37.788943794726,-122.425500330831
46698,Permitted Site,Maytenus boaria :: Mayten,1426 12th Ave,1.0,Sidewalk: Curb side : Cutout,Private,2002-04-22,,,37.7615173571762,-122.46926606870899
98372,Permitted Site,Arbutus 'Marina' :: Hybrid Strawberry Tree,89 Montana St,1.0,Sidewalk: Curb side : Cutout,Private,2012-02-07,,3x3,37.7163800987704,-122.45581514154499
53654,DPW Maintained,Magnolia grandiflora :: Southern Magnolia,1323 Polk St,1.0,Sidewalk: Curb side : Cutout,Private,1969-12-17,2.0,,37.789079487478205,-122.420468261828
88156,DPW Maintained,Pyrus calleryana :: Ornamental Pear,353 Clementina St,1.0,Sidewalk: Curb side : Cutout,Private,2008-07-08,3.0,3x3,37.781537513589,-122.40279954895901
65883,DPW Maintained,Ceratonia siliqua :: Carob,3100X Fillmore St,1.0,Sidewalk: Curb side : Cutout,Private,2013-04-23,3.0,,37.798174776289294,-122.435637321312
37009,Permitted Site,Liquidambar styraciflua :: American Sweet Gum,1160 Alabama St,1.0,Sidewalk: Curb side : Cutout,Private,2002-06-08,,,37.753311244715704,-122.41111443855101
32693,DPW Maintained,Chamaerops humilis :: Mediterranean Fan Palm,3732 23rd St,1.0,Sidewalk: Curb side : Cutout,Private,1996-10-29,1.0,,37.7534451551954,-122.42610311279199
42702,Permitted Site,Prunus cerasifera :: Cherry Plum,1401 Shotwell St,2.0,Sidewalk: Curb side : Cutout,Private,2000-06-26,,,37.746537177160604,-122.41497367347401
47159,Permitted Site,Ginkgo biloba :: Maidenhair Tree,200 San Fernando Way,1.0,Sidewalk: Curb side : Cutout,Private,2009-07-10,,3x3,37.7331409014555,-122.46965070979601
91454,Permitted Site,Ginkgo biloba :: Maidenhair Tree,680x WASHINGTON ST,3.0,Sidewalk: Curb side : Cutout,Private,2009-04-10,,3x3,37.7955423680345,-122.404841229346
52209,DPW Maintained,Platanus x hispanica :: Sycamore: London Plane,940 Grove St,1.0,Sidewalk: Curb side : Cutout,Private,2010-05-10,18.0,4x6,37.776681825025705,-122.432505717559
3608,DPW Maintained,Quercus ilex :: Holly Oak,100X Cargo Way,44.0,Sidewalk: Curb side : Cutout,Port,2006-03-07,3.0,3X3,37.7421536371939,-122.380054237523
72669,DPW Maintained,Ginkgo biloba :: Maidenhair Tree,203 04th Ave,6.0,Sidewalk: Curb side : Cutout,Private,1997-08-02,2.0,,37.7845894043596,-122.462463528658
88573,Permitted Site,Olea europaea :: Olive Tree,488 18th Ave,,Sidewalk: Curb side : Cutout,Private,2008-07-31,,3x3,37.7787969444241,-122.476923593538
48603,Permitted Site,Crataegus phaenopyrum :: Washington Hawthorn,45 Granville Way,1.0,Sidewalk: Curb side : Cutout,Private,2002-08-30,,,37.740638677970296,-122.461157347766
85873,Permitted Site,Ulmus parvifolia 'Drake' :: Drake's Chinese Elm,2394 Folsom St,1.0,Sidewalk: Curb side : Cutout,Private,2007-05-22,3.0,3x3,37.7589422028837,-122.414697726814
65119,DPW Maintained,Pittosporum undulatum :: Victorian Box,85 21st Ave,1.0,Sidewalk: Curb side : Cutout,Private,1989-07-24,6.0,,37.786178724039104,-122.48096112496599
38819,DPW Maintained,Magnolia grandiflora :: Southern Magnolia,224 03rd Ave,1.0,Sidewalk: Curb side : Cutout,Private,1998-10-30,7.0,,37.7844411319547,-122.461227125223
91680,DPW Maintained,Pyrus calleryana 'Aristocrat' :: Aristocrat Callery Pear,565 South Van Ness Ave,3.0,Sidewalk: Curb side : Cutout,DPW,2007-03-01,9.0,3x3,37.7641496522652,-122.41731832527799
29322,DPW Maintained,Lophostemon confertus :: Brisbane Box,1250X Portola Dr,11.0,Median : Cutout,DPW,2005-10-14,3.0,3X3,37.740047120975795,-122.46334105655001
93223,Permitted Site,Prunus serrulata :: Ornamental Cherry,1509 Shrader St,1.0,Sidewalk: Curb side : Cutout,Private,2010-03-01,,3x3,37.761388850272,-122.450600038983
13864,DPW Maintained,Platanus x hispanica :: Sycamore: London Plane,1000 Market St,3.0,Sidewalk: Curb side : Cutout,DPW,1993-09-28,6.0,4x4,37.7822858053101,-122.410369845025
252997,DPW Maintained,Magnolia grandiflora 'Saint Mary' :: Saint Mary Magnolia,1201 Tennessee St,6.0,Sidewalk: Curb side : Cutout,Private,2017-07-10,3.0,,37.756330202721,-122.389034232236
36534,Permitted Site,Prunus cerasifera :: Cherry Plum,3746 Folsom St,1.0,Sidewalk: Curb side : Cutout,Private,1998-05-18,,,37.7396624346486,-122.41344605713002
29995,DPW Maintained,Tristaniopsis laurina :: Swamp Myrtle,734 14th St,1.0,Sidewalk: Curb side : Cutout,DPW,2007-01-19,3.0,3x3,37.7677586821573,-122.429656338668
66032,DPW Maintained,Pittosporum undulatum :: Victorian Box,743 Paris St,1.0,Sidewalk: Curb side : Cutout,Private,1990-07-24,7.0,,37.7171832464915,-122.43823478371
113606,Section 143,Olea europaea :: Olive Tree,2900 18TH ST,4.0,Sidewalk: Curb side : Cutout,Private,2015-10-05,,3x3,37.7617728518996,-122.411570131816
181036,DPW Maintained,Podocarpus gracilor :: Fern Pine,170 Rolph St,2.0,Sidewalk: Curb side : Yard,Private,2017-10-05,3.0,Width 4ft,37.7143955675655,-122.438628565353
25200,DPW Maintained,Lophostemon confertus :: Brisbane Box,23 Franklin St,2.0,Sidewalk: Curb side : Cutout,DPW,1995-01-07,12.0,3X3,37.7745787547471,-122.420919156112
19246,DPW Maintained,Pittosporum undulatum :: Victorian Box,717 Scott St,1.0,Sidewalk: Curb side : Cutout,Private,2007-12-04,4.0,3X3,37.776701947498296,-122.436509837189
69510,Permitted Site,Arbutus unedo :: Strawberry Tree,456 Nevada St,1.0,Sidewalk: Curb side : Cutout,Private,1994-05-24,,,37.7363008518361,-122.411767856956
65199,Permitted Site,Ficus microcarpa :: Chinese Banyan,393 Madrid St,1.0,Sidewalk: Curb side : Cutout,Private,1989-07-29,,,37.723266808431795,-122.431452793676
44444,DPW Maintained,Melaleuca quinquenervia :: Cajeput,287 South Hill Blvd,2.0,Sidewalk: Curb side : Cutout,Private,2001-03-23,9.0,,37.7091466267865,-122.429960876109
45721,Permitted Site,Pyrus calleryana :: Ornamental Pear,235 02nd St,22.0,Sidewalk: Curb side : Cutout,Private,2001-10-05,,,37.7863297261158,-122.397566379799
88649,Permitted Site,Ulmus parvifolia 'Drake' :: Drake's Chinese Elm,135 Fillmore St,,Sidewalk: Curb side : Cutout,Private,2016-05-17,3.0,3x3,37.7708222270411,-122.43045261886999
74565,DPW Maintained,Pyrus calleryana :: Ornamental Pear,2 Townsend St,13.0,Sidewalk: Curb side : Cutout,Private,1996-01-27,9.0,,37.781409515787104,-122.38967675677601
22709,Permitted Site,Tristaniopsis laurina 'Elegant' :: Small-leaf Tristania 'Elegant',1420 Turk St,6.0,Sidewalk: Curb side : Cutout,Private,2001-03-08,6.0,3X3,37.780389210721005,-122.433465208396
58970,DPW Maintained,Metrosideros excelsa :: New Zealand Xmas Tree,225 03rd Ave,1.0,Sidewalk: Curb side : Cutout,Private,1980-04-02,19.0,,37.7840833556389,-122.461368992563
86127,DPW Maintained,Tristaniopsis laurina :: Swamp Myrtle,1674 24th Ave,1.0,Sidewalk: Curb side : Cutout,DPW,2007-01-18,3.0,3x3,37.7563384124724,-122.48191410379299
66694,Permitted Site,Lophostemon confertus :: Brisbane Box,281 TURK ST,1.0,Sidewalk: Curb side : Cutout,Private,1991-07-08,,,37.782707425405995,-122.413749512975
12782,DPW Maintained,Pittosporum undulatum :: Victorian Box,1916 Lake St,1.0,Sidewalk: Curb side : Cutout,DPW,2011-02-23,30.0,3x3,37.786044069371705,-122.480254344861
33858,Permitted Site,Olea europaea :: Olive Tree,23 Kronquist Ct,1.0,Sidewalk: Curb side : Cutout,Private,1997-02-12,,,37.746845115916294,-122.434914374282
31769,DPW Maintained,Laurus nobilis :: Sweet Bay: Grecian Laurel,1850 Ulloa St,3.0,Sidewalk: Curb side : Cutout,Private,1995-06-19,3.0,,37.7412374811669,-122.476249599037
34041,DPW Maintained,Arbutus 'Marina' :: Hybrid Strawberry Tree,2450 17th St,2.0,Sidewalk: Curb side : Cutout,Private,2007-06-06,5.0,,37.764502320640396,-122.40827143170799
16286,DPW Maintained,Trachycarpus fortunei :: Windmill Palm,700X Monterey Blvd,3.0,Median : Cutout,DPW,2003-02-02,12.0,5,37.7316223027997,-122.45117096626998
103543,DPW Maintained,Lophostemon confertus :: Brisbane Box,1980X Polk St,5.0,Sidewalk: Curb side : Cutout,Private,2013-05-22,,3x3,37.7948571127085,-122.42147809829399
54625,Permitted Site,Pittosporum crassifolium :: Karo Tree,1477 05th Ave,1.0,Sidewalk: Curb side : Cutout,Private,1992-12-04,,,37.7609444021205,-122.461891425583
94828,Permitted Site,Prunus serrulata 'Kwanzan' :: Kwanzan Flowering Cherry,1307 05th Ave,1.0,Sidewalk: Curb side : Cutout,Private,2010-11-10,,3x3,37.764011227741904,-122.462192388622
41574,Permitted Site,Lophostemon confertus :: Brisbane Box,55 Grattan St,1.0,Sidewalk: Curb side : Cutout,Private,1979-04-17,,,37.7640327153601,-122.448986388528
5438,DPW Maintained,Magnolia grandiflora :: Southern Magnolia,500X Dolores St,6.0,Sidewalk: Curb side : Cutout,Rec/Park,1992-02-19,20.0,6,37.7607530425379,-122.426154109737
2665,DPW Maintained,Myoporum laetum :: Myoporum,2031 Bush St,1.0,Sidewalk: Curb side : Cutout,DPW,1991-01-01,12.0,3X3,37.787255885128396,-122.430628406293
42579,Permitted Site,Prunus cerasifera :: Cherry Plum,161 San Leandro Way,1.0,Sidewalk: Curb side : Cutout,Private,2000-06-26,,,37.73381382645321,-122.468638922374
37391,Permitted Site,Arbutus 'Marina' :: Hybrid Strawberry Tree,95 Newton St,3.0,Sidewalk: Curb side : Cutout,Private,1998-06-15,,,37.7133445267591,-122.438522184842
35556,Permitted Site,Jacaranda mimosifolia :: Jacaranda,121 Fair Oaks St,1.0,Sidewalk: Curb side : Cutout,Private,1998-03-23,,,37.7547556297845,-122.42416602832701
34065,Permitted Site,Tristaniopsis laurina :: Swamp Myrtle,1960 Folsom St,1.0,Sidewalk: Curb side : Cutout,Private,1998-02-21,,,37.7659492963405,-122.41545873051099
46524,Permitted Site,Lophostemon confertus :: Brisbane Box,2355 Folsom St,12.0,Sidewalk: Curb side : Cutout,Private,2002-03-29,,,37.7596259002337,-122.414668990427
39818,Permitted Site,Cordyline australis :: Dracena Palm,2101 46th Ave,2.0,Sidewalk: Curb side : Cutout,Private,1999-01-06,,,37.7473074654157,-122.505100399713
13110,DPW Maintained,Ficus retusa nitida :: Banyan Fig,1599 Lombard St,2.0,Sidewalk: Curb side : Cutout,Private,1994-06-22,16.0,3x3,37.800844477708004,-122.427376906198
30915,DPW Maintained,Tristaniopsis laurina :: Swamp Myrtle,212 Granada Ave,1.0,Sidewalk: Curb side : Cutout,Private,1995-03-13,4.0,,37.7219682791959,-122.45709260475401
41729,Permitted Site,Rhamnus alaternus :: Italian Buckthorn,99X 14th St,3.0,Sidewalk: Curb side : Cutout,Private,2000-06-19,,,37.7684640195804,-122.415516624702
36799,DPW Maintained,Quercus rubra :: Red Oak,1355 Donner Ave,1.0,Sidewalk: Curb side : Cutout,Private,1998-05-26,4.0,,37.7217360581121,-122.389514780813
106923,Undocumented,Ceanothus 'Ray Hartman' :: California Lilac 'Ray Hartman',196 States St,1.0,Sidewalk: Property side : Yard,Private,2014-06-30,,,37.7637969766711,-122.43958767886002
12332,Permitted Site,Fraxinus oxycarpa 'Raywood' :: Raywood Ash,1105X Turk St,1.0,Sidewalk: Curb side : Cutout,Private,2005-12-15,3.0,3X3,37.78103749568189,-122.427347425327
54993,DPW Maintained,Callistemon citrinus :: Lemon Bottlebrush,681 16th Ave,1.0,Sidewalk: Curb side : Cutout,Private,1972-09-12,4.0,,37.775251821012795,-122.474801107552
69070,Permitted Site,Pittosporum crassifolium :: Karo Tree,1418 14th Ave,1.0,Sidewalk: Curb side : Cutout,Private,1994-01-10,,,37.7615659811295,-122.471421651008
36338,Permitted Site,Prunus serrulata :: Ornamental Cherry,47 Eastwood Dr,2.0,Sidewalk: Curb side : Cutout,Private,1998-05-14,,,37.7264778306363,-122.45733685578699
35854,Permitted Site,Prunus x yedoensis :: Yoshino Cherry,142 Russia Ave,4.0,Sidewalk: Curb side : Cutout,Private,1998-05-02,,,37.7209827425077,-122.43608467293801
93373,DPW Maintained,Tristaniopsis laurina 'Elegant' :: Small-leaf Tristania 'Elegant',2800 Turk Blvd,19.0,Sidewalk: Curb side : Cutout,DPW,2008-11-24,3.0,3x3,37.7780894288895,-122.451577860296
39087,Permitted Site,Lophostemon confertus :: Brisbane Box,3140 21st St,2.0,Sidewalk: Curb side : Cutout,Private,1998-11-18,,,37.757184385901496,-122.41761479761601
12788,DPW Maintained,Magnolia grandiflora :: Southern Magnolia,1933 Lake St,1.0,Sidewalk: Curb side : Cutout,Private,2006-03-23,6.0,3X3,37.7858901196349,-122.480398844283
45603,DPW Maintained,Ficus retusa nitida :: Banyan Fig,1100 Fillmore St,4.0,Sidewalk: Curb side : Cutout,Private,2001-08-06,14.0,,37.779665941263104,-122.43171536011101
5221,Permitted Site,Platanus x hispanica 'Yarwood' :: Yarwood Sycamore,1009X Divisadero St,1.0,Sidewalk: Curb side : Cutout,Private,2005-02-15,5.0,3X3,37.7787991574032,-122.438708711528
48670,Permitted Site,Magnolia grandiflora :: Southern Magnolia,30 Wilder St,1.0,Sidewalk: Curb side : Cutout,Private,2002-09-05,,,37.734014073420404,-122.43242669172501
84796,Permitted Site,Lophostemon confertus :: Brisbane Box,310 Townsend St,5.0,Sidewalk: Curb side : Cutout,Private,2007-03-13,,,37.7769567164019,-122.39530430123502
87956,Permitted Site,Tristaniopsis laurina :: Swamp Myrtle,3250 Broderick St,2.0,Sidewalk: Curb side : Cutout,Private,2008-06-19,,3x3,37.800457616115,-122.44449703515
108508,Permitted Site,Leptospermum scoparium 'Ruby Glow' :: New Zealand Ruby Glow Tea Tree,1617 16th Ave,1.0,Sidewalk: Curb side : Cutout,Private,2014-12-23,3.0,3x3,37.757749863741104,-122.47374214623301
84647,DPW Maintained,Maytenus boaria :: Mayten,634 27th Ave,1.0,Sidewalk: Curb side : Cutout,Private,2008-01-11,5.0,3x3,37.777369317795205,-122.48661321871
33878,Permitted Site,Lophostemon confertus :: Brisbane Box,100 Bush St,7.0,Sidewalk: Curb side : Cutout,Private,1997-03-03,,,37.79139254050121,-122.399621455512
48693,DPW Maintained,Pyrus kawakamii :: Evergreen Pear,722 Broderick St,1.0,Sidewalk: Curb side : Cutout,Private,2003-08-25,4.0,3x3,37.7773254106094,-122.43989931071
27476,DPW Maintained,Platanus x hispanica :: Sycamore: London Plane,4651 California St,1.0,Sidewalk: Curb side : Cutout,DPW,2001-01-26,8.0,3X3,37.784600867304604,-122.46756643200399
87568,Permitted Site,Ginkgo biloba 'Princeton Sentry' :: Princeton Sentry Maidenhair,1590X Vallejo St,4.0,Sidewalk: Curb side : Cutout,Private,2012-08-07,24.0,3x3,37.7969580495509,-122.423274742897
66093,DPW Maintained,Eriobotrya deflexa :: Bronze Loquat,1052 Filbert St,1.0,Sidewalk: Curb side : Cutout,Private,1990-08-08,16.0,,37.8004974059005,-122.41689421958799
159345,DPW Maintained,Lagunaria patersonii :: Primrose Tree,461 Ellington Ave,1.0,Sidewalk: Curb side : Cutout,Private,2017-10-05,3.0,Width 0ft,37.7113049331395,-122.447802205131
98410,Permitted Site,Magnolia grandiflora 'Little Gem' :: Little Gem Magnolia,55 19th Ave,2.0,Sidewalk: Curb side :,Private,2012-02-09,,,37.7623049568555,-122.477404745944
42605,DPW Maintained,Magnolia grandiflora :: Southern Magnolia,2531 Gough St,1.0,Sidewalk: Curb side : Cutout,Private,2000-06-26,6.0,,37.797013406208,-122.427132169235
66300,Permitted Site,Olea europaea :: Olive Tree,602 Filbert St,1.0,Sidewalk: Curb side : Cutout,Private,1995-08-26,,,37.801431339409,-122.40946389432101
25796,Permitted Site,Phoenix canariensis :: Canary Island Date Palm,800X The Embarcadero,10.0,Median : Cutout,Port,1996-08-30,36.0,10,37.80156586089179,-122.399803052325
50298,DPW Maintained,Prunus serrulata 'Kwanzan' :: Kwanzan Flowering Cherry,2909 24th Ave,2.0,Sidewalk: Curb side : Cutout,Private,2004-01-28,6.0,,37.734125220204604,-122.48029267726999
51955,Permitted Site,Metrosideros excelsa :: New Zealand Xmas Tree,1019 Portola Dr,1.0,Sidewalk: Curb side : Cutout,Private,2005-08-08,,,37.741525503636105,-122.45627712083599
62279,Permitted Site,Maytenus boaria :: Mayten,402 Haight St,1.0,Sidewalk: Curb side : Cutout,Private,1985-10-09,,,37.772376128611704,-122.42889659515
103791,Permitted Site,Magnolia grandiflora 'Samuel Sommer' :: Samuel Sommer Magnolia,1214 Polk St,1.0,Sidewalk: Curb side : Cutout,Private,2009-11-01,3.0,3x3,37.7880269138329,-122.420011690177
62910,Permitted Site,Prunus serrulata :: Ornamental Cherry,417 Cortland Ave,1.0,Sidewalk: Curb side : Cutout,Private,1986-08-05,,,37.7392266645726,-122.417481463141
86117,DPW Maintained,Prunus serrulata :: Ornamental Cherry,2478 24th Ave,1.0,Sidewalk: Curb side : Cutout,DPW,2007-01-17,3.0,3x3,37.741399765847504,-122.480868637542
46894,Permitted Site,Magnolia grandiflora :: Southern Magnolia,1445 11th Ave,1.0,Sidewalk: Curb side : Cutout,Private,2006-03-11,,,37.7612347828689,-122.468351943903
94098,DPW Maintained,Lagunaria patersonii :: Primrose Tree,7 Colby St,1.0,Sidewalk: Curb side : Cutout,Private,2010-06-03,4.0,,37.7307017385741,-122.414910830466
41624,DPW Maintained,Metrosideros excelsa :: New Zealand Xmas Tree,2285 Jerrold Ave,3.0,Sidewalk: Curb side : Cutout,Private,2002-09-28,5.0,,37.745986850809004,-122.402277086926
32722,Permitted Site,Magnolia grandiflora 'Samuel Sommer' :: Samuel Sommer Magnolia,644 Hyde St,3.0,Sidewalk: Curb side : Cutout,Private,2011-11-30,3.0,3x3,37.7871969578975,-122.416449089052
42728,DPW Maintained,Pittosporum undulatum :: Victorian Box,1790 Yosemite Ave,5.0,Sidewalk: Curb side : Cutout,Private,2000-06-26,9.0,,37.72882843548361,-122.394977944592
65181,DPW Maintained,Brugmansia spp :: Angel trumpet,1354 Green St,1.0,Sidewalk: Curb side : Cutout,Private,1993-12-29,10.0,,37.7979858332305,-122.42141513132
42181,DPW Maintained,Acer rubrum :: Red Maple,649 Bryant St,1.0,Sidewalk: Curb side : Cutout,Private,2000-06-21,4.0,,37.778365119997204,-122.399424104664
50780,DPW Maintained,Magnolia grandiflora :: Southern Magnolia,2257 Filbert St,1.0,Sidewalk: Curb side : Cutout,Private,2004-02-25,3.0,3x3,37.7978432097613,-122.436620688605
24828,Permitted Site,Casurina stricta :: Beefwood: Drooping She-Oak,200X Alemany Blvd,6.0,Sidewalk: Curb side : Cutout,Dept of Real Estate,1996-01-12,18.0,3X3,37.735490432624104,-122.409874802768
64793,Permitted Site,Lophostemon confertus :: Brisbane Box,124 Scott St,1.0,Sidewalk: Curb side : Cutout,Private,1989-01-11,,,37.7708017712881,-122.435144422048
60888,Permitted Site,Metrosideros excelsa :: New Zealand Xmas Tree,874 Filbert St,1.0,Sidewalk: Curb side : Cutout,Private,1983-06-11,,,37.8008825397162,-122.41388925444201
32421,DPW Maintained,Ceratonia siliqua :: Carob,400 Sussex St,1.0,Sidewalk: Curb side : Cutout,Private,1996-10-08,12.0,,37.7372212865363,-122.439318125938
90390,Permitted Site,Pyrus kawakamii :: Evergreen Pear,68 12th St,2.0,Sidewalk: Curb side : Cutout,Private,2008-02-21,3.0,3x3,37.773441570749895,-122.419216927652
30988,DPW Maintained,Magnolia grandiflora :: Southern Magnolia,2027 Pacific Ave,1.0,Sidewalk: Curb side : Cutout,Private,1995-03-13,7.0,,37.7939679546034,-122.42936378923099
51254,DPW Maintained,Rhamnus alaternus :: Italian Buckthorn,258 Maynard St,1.0,Sidewalk: Curb side : Cutout,Private,2008-05-30,5.0,3x3,37.7294126791284,-122.42466683341699
221466,DPW Maintained,Acacia stenophylla :: Shoestring Acacia,300x Guerrero St,11.0,Median : Cutout,DPW,2015-06-19,2.0,Width 3ft,37.7651301958204,-122.42415061986601
49713,Permitted Site,Pyrus calleryana :: Ornamental Pear,20 Arco Way,1.0,Sidewalk: Curb side : Cutout,Private,2003-06-03,,,37.7272541884473,-122.444096744934
112887,DPW Maintained,Prunus serrulata 'Kwanzan' :: Kwanzan Flowering Cherry,738 09th Ave,1.0,Sidewalk: Curb side : Cutout,Private,2015-08-26,,,37.7744872348519,-122.46687460915399
57111,Permitted Site,Pyrus calleryana :: Ornamental Pear,1378 Pacific Ave,1.0,Sidewalk: Curb side : Cutout,Private,2016-08-09,3.0,,37.795580149108204,-122.417941620632
59014,Permitted Site,Melaleuca ericifolia :: Heath Melaleuca,3758 20th St,1.0,Sidewalk: Curb side : Cutout,Private,1998-03-23,,,37.7583549902775,-122.42483117431499
60302,Permitted Site,Lophostemon confertus :: Brisbane Box,1200 Irving St,1.0,Sidewalk: Curb side : Cutout,Private,1982-10-05,,3x3,37.7639186591654,-122.470632238353
56857,DPW Maintained,Maytenus boaria :: Mayten,2600 Noriega St,1.0,Sidewalk: Curb side : Cutout,Private,1986-02-04,6.0,,37.7536811323925,-122.491643975667
41011,Permitted Site,Melaleuca quinquenervia :: Cajeput,1200 Illinois St,3.0,Sidewalk: Curb side : Cutout,Private,1999-10-19,,,37.7563094360414,-122.38723948899599
61802,Permitted Site,Maytenus boaria :: Mayten,527 Waller St,1.0,Sidewalk: Curb side : Cutout,Private,1985-05-25,,,37.7708275566646,-122.43241117029
36430,Permitted Site,Prunus serrulata :: Ornamental Cherry,435 Montecito Ave,3.0,Sidewalk: Curb side : Cutout,Private,1998-05-18,,,37.7293823258224,-122.457023785093
52168,Permitted Site,Koelreuteria paniculata :: Golden Rain Tree,1064 Florida St,1.0,Sidewalk: Curb side : Cutout,Private,2005-11-01,,,37.754905392409604,-122.41036423903601
85583,DPW Maintained,Magnolia grandiflora 'Samuel Sommer' :: Samuel Sommer Magnolia,1500 Palou Ave,1.0,Sidewalk: Curb side : Cutout,DPW,2007-03-21,3.0,3x3,37.7329964475839,-122.389052889382
40031,Permitted Site,Rhamnus alaternus :: Italian Buckthorn,1656 Newcomb Ave,1.0,Sidewalk: Curb side : Cutout,Private,1999-02-03,,,37.7358504391775,-122.390720277971
4895,DPW Maintained,Eucalyptus polyanthemos :: Silver Dollar Eucalyptus,10 Rosie Lee Ln,1.0,Sidewalk: Curb side : Cutout,DPW,1993-04-19,12.0,3X4,37.7317442992597,-122.379604608867
35391,Permitted Site,Ficus microcarpa :: Chinese Banyan,23 Orben Pl,1.0,Sidewalk: Curb side : Cutout,Private,1998-02-26,,,37.7882737292741,-122.432960994436
69399,DPW Maintained,Metrosideros excelsa :: New Zealand Xmas Tree,1150 Naples St,1.0,Sidewalk: Curb side : Cutout,Private,1994-05-09,12.0,,37.7127209759558,-122.43732557094
40459,Permitted Site,Arbutus unedo :: Strawberry Tree,256 Gates St,1.0,Sidewalk: Curb side : Cutout,Private,1999-06-11,,,37.739512678985896,-122.414083219638
95809,DPW Maintained,Melaleuca ericifolia :: Heath Melaleuca,691 Tennessee St,1.0,Sidewalk: Curb side : Cutout,Private,2011-08-19,4.0,3x3,37.7631206885995,-122.389646729328
48912,DPW Maintained,Prunus serrulata 'Kwanzan' :: Kwanzan Flowering Cherry,1930 Vallejo St,1.0,Sidewalk: Curb side : Cutout,Private,2002-11-22,2.0,3x3,37.796061152762796,-122.429113506091
261117,DPW Maintained,Crataegus phaenopyrum :: Washington Hawthorn,331 Thornton Ave,7.0,Sidewalk: Curb side : Cutout,Private,2019-10-19,3.0,4x6,37.731072125738,-122.395486430266
57209,DPW Maintained,Magnolia grandiflora :: Southern Magnolia,2898 Clay St,1.0,Sidewalk: Curb side : Cutout,Private,2014-12-15,3.0,,37.7899874194288,-122.440410066565
17065,DPW Maintained,Tristaniopsis laurina :: Swamp Myrtle,1345 Oak St,1.0,Sidewalk: Curb side : Cutout,Private,1991-12-19,6.0,3X3,37.7725354591824,-122.441456517022
9618,DPW Maintained,Acer buergeranum :: Trident Maple,1400 Golden Gate Ave,1.0,Sidewalk: Curb side : Cutout,Private,2018-06-12,3.0,3X3,37.7793993714118,-122.43379332982599
10530,DPW Maintained,Lophostemon confertus :: Brisbane Box,101 Harbor Rd,11.0,Sidewalk: Curb side : Cutout,DPW,2004-03-22,3.0,3X4,37.7319073553399,-122.378036267473
87391,DPW Maintained,Trachycarpus fortunei :: Windmill Palm,3322 Fillmore St,1.0,Sidewalk: Curb side : Cutout,Private,2015-01-24,3.0,3x3,37.800247665053,-122.43605331890801
30508,Permitted Site,Laurus nobilis :: Sweet Bay: Grecian Laurel,363 Holyoke St,1.0,Sidewalk: Curb side : Cutout,Private,1998-07-06,,,37.72681424554771,-122.40864217293199
88114,DPW Maintained,Cordyline australis :: Dracena Palm,3345 Kirkham St,2.0,Sidewalk: Curb side : Cutout,Private,2008-07-01,2.0,3x3,37.75887047469129,-122.49701073194099
42726,DPW Maintained,Pittosporum undulatum :: Victorian Box,1790 Yosemite Ave,7.0,Sidewalk: Curb side : Cutout,Private,2000-06-26,7.0,,37.728882521597704,-122.395063232696
46095,Permitted Site,Crataegus phaenopyrum :: Washington Hawthorn,647 Los Palmos Dr,2.0,Sidewalk: Curb side : Cutout,Private,2001-12-18,,,37.734981320791,-122.45642790043199
203946,DPW Maintained,Agonis flexuosa :: Peppermint Willow,2467 16th Ave,1.0,Sidewalk: Curb side : Cutout,Private,2020-01-08,3.0,Width 3ft,37.741948072837296,-122.472478660456
30846,Permitted Site,Maytenus boaria :: Mayten,126 Corbett Ave,1.0,Sidewalk: Curb side : Cutout,Private,1995-02-16,,,37.7617023272207,-122.44117209081301
200925,DPW Maintained,Tristania conferta ::,4100 03rd St,3.0,Sidewalk: Curb side : Cutout,Private,2017-04-26,3.0,Width 0ft,37.7400326248174,-122.389023874228
96070,Permitted Site,Magnolia grandiflora 'Russet' :: Russet Magnolia,757 Treat Ave,2.0,Sidewalk: Curb side : Cutout,Private,2011-08-03,,3x3,37.75801392865829,-122.413367004042
50308,Permitted Site,Prunus spp :: Cherry,701 (REVISED) Grafton Ave,1.0,Sidewalk: Curb side : Cutout,Private,2003-12-30,,,37.719949548569396,-122.46024830726499
70592,DPW Maintained,Pyrus kawakamii :: Evergreen Pear,312 Athens St,1.0,Sidewalk: Curb side : Cutout,Private,1994-08-06,4.0,,37.7230253908821,-122.42747709790001
68303,DPW Maintained,Cordyline australis :: Dracena Palm,2110 48th Ave,1.0,Sidewalk: Curb side : Cutout,Private,2012-03-17,1.0,,37.746986173397104,-122.507060845065
89009,Permitted Site,Platanus x hispanica :: Sycamore: London Plane,800 Chestnut St,,Sidewalk: Curb side : Cutout,Private,2008-09-29,,,37.8033984824,-122.41654007794399
24440,DPW Maintained,Melaleuca quinquenervia :: Cajeput,99X Peter Yorke Way,8.0,Sidewalk: Curb side : Cutout,DPW,1995-05-20,6.0,3X3,37.7864501414891,-122.423301466307
256105,Planning Code 138.1 required,Tristaniopsis laurina :: Swamp Myrtle,1935 34th Ave,1.0,Sidewalk: Property side : Cutout,Private,2018-09-06,3.0,3x3,37.75099598489079,-122.49243932641599
92618,Permitted Site,Lophostemon confertus :: Brisbane Box,2X Hickory St,2.0,Sidewalk: Curb side : Cutout,Private,2009-08-31,3.0,3x3,37.7759425314636,-122.41954944541901
84160,Permitted Site,Ulmus carpinifolia 'Frontier' :: Frontier Elm 'Frontier',2747 19th St,5.0,Sidewalk: Curb side : Cutout,Private,2009-07-21,5.0,3x3,37.7604442497563,-122.409480707587
40425,Permitted Site,Prunus serrulata :: Ornamental Cherry,175 Valdez Ave,2.0,Sidewalk: Curb side : Cutout,Private,1999-06-03,,,37.7310042675093,-122.45558972239401
42308,Permitted Site,Trachycarpus fortunei :: Windmill Palm,249 Edna St,1.0,Sidewalk: Curb side : Cutout,Private,2000-06-23,,,37.7286709604577,-122.446651628377
105470,DPW Maintained,Platanus x hispanica :: Sycamore: London Plane,833 Jamestown Ave,5.0,Sidewalk: Curb side : Cutout,Private,2014-01-30,,3x3,37.7166342161119,-122.390516776389
64748,DPW Maintained,Magnolia grandiflora :: Southern Magnolia,131 03rd Ave,1.0,Sidewalk: Curb side : Cutout,Private,1988-11-15,13.0,,37.7862138320264,-122.461516681889
33183,Permitted Site,Magnolia grandiflora :: Southern Magnolia,535 Dewey Blvd,2.0,Sidewalk: Curb side : Cutout,Private,1996-11-06,,,37.7448706829396,-122.46213852986901
15799,DPW Maintained,Washingtonia robusta :: Mexican Fan Palm,4950 Mission St,5.0,Sidewalk: Curb side : Cutout,DPW,2003-08-08,12.0,3X3,37.7195877108284,-122.438839886053
85930,DPW Maintained,Prunus serrulata :: Ornamental Cherry,1696 26th Ave,1.0,Sidewalk: Curb side : Cutout,DPW,2006-12-18,3.0,3x3,37.7559513307755,-122.484034021792
68999,DPW Maintained,Olea europaea :: Olive Tree,1937 48th Ave,1.0,Sidewalk: Curb side : Cutout,Private,1994-01-04,3.0,,37.750292434094796,-122.507442861533
49592,DPW Maintained,Tristaniopsis laurina :: Swamp Myrtle,2333  REVISED Buchanan St,6.0,Sidewalk: Curb side : Cutout,Private,2003-05-16,4.0,,37.7906193964074,-122.43089869812599
254740,Planning Code 138.1 required,Metrosideros excelsa :: New Zealand Xmas Tree,1814 42nd Ave,1.0,Sidewalk: Property side : Cutout,Private,2018-03-27,3.0,3x3,37.752798609062,-122.500934388909
66274,DPW Maintained,Pittosporum undulatum :: Victorian Box,900 Hyde St,1.0,Sidewalk: Curb side : Cutout,Private,2013-11-01,2.0,4x4,37.789275246315796,-122.416960995177
50181,Permitted Site,Eriobotrya deflexa :: Bronze Loquat,1223 Shrader St,1.0,Sidewalk: Curb side : Cutout,Private,2003-08-18,,,37.7636319916344,-122.4510905637
34497,Permitted Site,Prunus cerasifera :: Cherry Plum,260 Banks St,2.0,Sidewalk: Curb side : Cutout,Private,1997-07-15,,,37.7396632941249,-122.412818261637
97762,DPW Maintained,Magnolia grandiflora :: Southern Magnolia,122 08th Ave,1.0,Sidewalk: Curb side : Cutout,Private,2015-12-01,3.0,3x3,37.7860849670164,-122.4667101381
63908,DPW Maintained,Ficus retusa nitida :: Banyan Fig,2125 Powell St,1.0,Sidewalk: Curb side : Cutout,Private,1987-08-03,14.0,,37.8044019445665,-122.411739972568
48574,Permitted Site,Arbutus 'Marina' :: Hybrid Strawberry Tree,1649 15th St,1.0,Sidewalk: Curb side : Cutout,Private,2002-08-28,,,37.76653768183861,-122.420889619536
5147,DPW Maintained,Pyrus calleryana 'Bradford' :: Ornamental Pear: Bradford,228 Divisadero St,1.0,Sidewalk: Curb side : Cutout,DPW,2016-04-21,3.0,3x3,37.7708973412472,-122.436852124872
30636,DPW Maintained,Pyrus kawakamii :: Evergreen Pear,1690 Folsom St,1.0,Sidewalk: Curb side : Cutout,Private,2004-06-23,3.0,3x3,37.770413303673394,-122.4154029268
60076,Permitted Site,Maytenus boaria :: Mayten,1245 23rd Ave,1.0,Sidewalk: Curb side : Cutout,Private,1982-03-16,,,37.764402833339204,-122.481571067116
48973,Permitted Site,Prunus serrulata 'Kwanzan' :: Kwanzan Flowering Cherry,1409 11th Ave,1.0,Sidewalk: Curb side : Cutout,Private,2002-12-05,10.0,3x3,37.7618782478409,-122.468396910406
27797,Permitted Site,Corymbia ficifolia :: Red Flowering Gum,899X Junipero Serra Blvd,3.0,Sidewalk: Curb side : Cutout,PUC,2001-03-17,3.0,3,37.7216528879997,-122.47220960661998
5156,DPW Maintained,Pyrus calleryana :: Ornamental Pear,270 Divisadero St,1.0,Sidewalk: Curb side : Cutout,DPW,1990-03-22,2.0,,37.7717089596497,-122.43701070699899
214188,DPW Maintained,Schinus terebinthifolius :: Brazilian Pepper,358 San Benito Way,1.0,Sidewalk: Curb side : Cutout,Private,1972-02-03,21.0,Width 3ft,37.7301878137975,-122.467274844971
